CustomerID,Recency,Frequency,Monetary,Cluster,Segment
1,289,5,2062.2599999999998,3,流失客户
2,321,3,1138.9,1,潜力客户
3,141,3,1474.38,1,潜力客户
4,286,1,279.78,0,高价值客户
5,231,5,3233.7500000000005,3,流失客户
6,73,3,1719.0,1,潜力客户
7,66,4,2478.61,3,流失客户
8,221,3,1635.6399999999999,1,潜力客户
9,270,5,2714.43,3,流失客户
10,235,3,1357.48,1,潜力客户
11,165,6,3010.64,3,流失客户
12,329,5,2042.6,3,流失客户
13,357,7,3489.87,3,流失客户
14,531,1,467.1,0,高价值客户
15,298,4,2081.8199999999997,3,流失客户
16,320,5,2379.55,3,流失客户
17,20,3,1509.3899999999999,2,普通客户
18,311,4,1399.25,1,潜力客户
19,364,3,1302.23,1,潜力客户
20,310,3,1413.26,1,潜力客户
21,142,2,1083.89,1,潜力客户
22,174,2,1274.15,1,潜力客户
23,89,3,1994.92,1,潜力客户
24,379,4,1891.5100000000002,3,流失客户
26,206,7,4294.49,3,流失客户
27,53,4,2785.63,2,普通客户
28,474,3,1679.9299999999998,1,潜力客户
29,128,4,1485.86,1,潜力客户
30,136,4,2332.9400000000005,3,流失客户
31,398,4,1377.92,1,潜力客户
32,46,7,3940.95,3,流失客户
33,1,6,2559.39,2,普通客户
34,301,4,2751.0200000000004,3,流失客户
35,372,5,2554.56,3,流失客户
36,184,4,1903.58,3,流失客户
37,262,3,1490.5,1,潜力客户
38,156,6,2582.5200000000004,3,流失客户
39,27,3,1744.08,2,普通客户
40,183,4,1460.8500000000001,1,潜力客户
41,142,3,1194.3899999999999,1,潜力客户
42,122,7,4081.3499999999995,3,流失客户
43,127,3,1816.67,1,潜力客户
44,94,7,4009.14,3,流失客户
45,139,5,3504.25,3,流失客户
46,303,3,1748.87,1,潜力客户
47,80,5,2542.7200000000003,3,流失客户
48,408,6,2975.63,3,流失客户
49,515,4,2136.91,3,流失客户
50,440,7,4239.01,3,流失客户
51,82,3,1763.04,1,潜力客户
52,56,3,1289.44,1,潜力客户
53,242,6,3213.38,3,流失客户
54,67,4,2274.35,3,流失客户
55,84,5,2891.04,3,流失客户
56,206,5,2881.59,3,流失客户
57,260,3,1696.15,1,潜力客户
58,120,5,2870.06,3,流失客户
60,22,4,2484.26,2,普通客户
61,259,1,642.68,0,高价值客户
62,40,2,1193.37,1,潜力客户
63,342,2,690.5,0,高价值客户
64,253,3,1214.4099999999999,1,潜力客户
65,74,7,3241.88,3,流失客户
66,445,3,1320.9099999999999,1,潜力客户
67,49,4,2398.15,2,普通客户
69,13,5,2988.84,2,普通客户
70,414,4,1857.5400000000002,3,流失客户
71,331,2,654.03,0,高价值客户
72,189,8,4178.02,3,流失客户
73,310,5,2262.66,3,流失客户
74,299,2,1487.71,1,潜力客户
75,10,3,2129.16,2,普通客户
76,134,6,3211.63,3,流失客户
77,306,2,1110.61,1,潜力客户
78,303,2,1845.06,1,潜力客户
79,272,2,1258.79,1,潜力客户
80,18,3,1134.5,2,普通客户
81,426,5,3217.46,3,流失客户
82,467,5,3149.91,3,流失客户
83,368,4,1975.87,3,流失客户
84,266,5,2555.33,3,流失客户
85,148,4,2462.63,3,流失客户
86,254,4,2423.4,3,流失客户
87,398,7,4278.53,3,流失客户
88,596,2,643.14,0,高价值客户
89,186,1,651.79,0,高价值客户
90,159,3,1137.8,1,潜力客户
91,80,3,1660.9,1,潜力客户
92,481,4,2045.79,3,流失客户
93,52,4,1963.81,2,普通客户
94,118,3,1913.1999999999998,1,潜力客户
95,342,3,1833.73,1,潜力客户
96,362,3,1152.7399999999998,1,潜力客户
97,161,4,1818.54,3,流失客户
98,335,3,1914.38,1,潜力客户
99,5,5,3223.33,2,普通客户
100,302,2,454.58000000000004,0,高价值客户
101,177,4,2319.88,3,流失客户
102,172,3,1259.39,1,潜力客户
103,32,5,2293.04,2,普通客户
104,348,4,2124.87,3,流失客户
105,161,6,1899.17,3,流失客户
106,323,4,1866.17,3,流失客户
107,208,6,2935.91,3,流失客户
108,108,4,1500.13,1,潜力客户
109,398,3,1915.7299999999998,1,潜力客户
110,62,3,1731.0200000000002,1,潜力客户
111,169,3,2229.04,1,潜力客户
112,325,2,305.99,0,高价值客户
113,447,7,2990.1000000000004,3,流失客户
114,118,6,2919.34,3,流失客户
115,124,5,2300.01,3,流失客户
116,41,4,2235.32,2,普通客户
117,78,5,2677.3599999999997,3,流失客户
118,135,3,1858.9299999999998,1,潜力客户
119,125,8,3483.07,3,流失客户
120,51,4,1842.1,2,普通客户
121,8,4,1801.28,2,普通客户
122,332,5,2056.57,3,流失客户
123,3,3,1957.0,2,普通客户
124,350,3,1118.25,1,潜力客户
125,225,2,1391.06,1,潜力客户
126,363,5,2180.18,3,流失客户
127,270,5,1700.1599999999999,3,流失客户
129,371,5,2794.7300000000005,3,流失客户
130,265,5,2621.6099999999997,3,流失客户
131,176,3,1226.28,1,潜力客户
132,372,6,3485.38,3,流失客户
133,70,7,2845.41,3,流失客户
134,162,7,3694.8,3,流失客户
135,382,5,2848.3399999999997,3,流失客户
136,57,2,1043.72,1,潜力客户
137,202,1,67.56,0,高价值客户
138,1,3,1838.49,2,普通客户
139,239,4,1843.53,3,流失客户
140,362,2,962.53,1,潜力客户
141,553,2,910.8199999999999,1,潜力客户
142,334,5,2052.09,3,流失客户
143,430,3,1900.96,1,潜力客户
144,129,4,1791.8799999999999,3,流失客户
145,596,1,519.54,0,高价值客户
146,191,5,2184.76,3,流失客户
147,384,3,1103.29,1,潜力客户
148,457,5,2672.6000000000004,3,流失客户
149,329,3,1531.5700000000002,1,潜力客户
150,421,6,3252.49,3,流失客户
151,505,5,2489.8,3,流失客户
152,32,5,2988.79,2,普通客户
153,90,5,2386.19,3,流失客户
154,75,4,2062.83,3,流失客户
155,163,5,2450.01,3,流失客户
156,333,5,2664.63,3,流失客户
157,198,7,3479.57,3,流失客户
158,355,5,2835.45,3,流失客户
159,376,5,2712.2200000000003,3,流失客户
160,493,1,631.81,0,高价值客户
161,323,1,444.9,0,高价值客户
162,575,1,446.2,0,高价值客户
163,231,3,2143.2,1,潜力客户
164,367,7,3165.9300000000003,3,流失客户
165,95,5,2373.48,3,流失客户
166,78,4,1600.82,1,潜力客户
167,443,6,2909.2200000000003,3,流失客户
169,243,3,1501.11,1,潜力客户
170,233,5,2497.16,3,流失客户
171,138,5,2354.86,3,流失客户
172,332,2,1429.96,1,潜力客户
173,63,4,1930.1100000000001,2,普通客户
174,444,6,3292.91,3,流失客户
175,482,3,1265.44,1,潜力客户
176,83,4,1143.47,1,潜力客户
177,246,5,2207.62,3,流失客户
178,124,2,579.15,0,高价值客户
179,80,4,1410.53,1,潜力客户
180,45,5,1600.33,2,普通客户
181,93,3,1261.01,1,潜力客户
182,369,3,1636.1599999999999,1,潜力客户
183,129,2,1011.3199999999999,1,潜力客户
184,368,3,1657.33,1,潜力客户
185,62,4,1719.04,2,普通客户
186,79,2,686.18,0,高价值客户
187,129,4,1848.2800000000002,3,流失客户
188,236,3,1702.2399999999998,1,潜力客户
189,397,4,1363.99,1,潜力客户
190,343,3,1389.08,1,潜力客户
191,166,7,4190.66,3,流失客户
192,197,5,2728.77,3,流失客户
193,142,4,1493.05,1,潜力客户
194,422,5,2113.45,3,流失客户
195,333,4,2480.81,3,流失客户
196,280,7,3739.65,3,流失客户
197,192,2,1141.6399999999999,1,潜力客户
198,325,2,454.96,0,高价值客户
199,202,1,458.21,0,高价值客户
200,179,4,2552.9399999999996,3,流失客户
202,361,7,3249.96,3,流失客户
203,202,5,2616.67,3,流失客户
204,162,2,1500.55,1,潜力客户
205,323,8,3726.9600000000005,3,流失客户
206,64,4,2278.14,2,普通客户
208,319,4,1853.32,3,流失客户
209,291,4,1628.5800000000002,1,潜力客户
210,89,2,732.06,0,高价值客户
211,393,4,1898.85,3,流失客户
212,356,7,4325.07,3,流失客户
213,133,4,2039.7199999999998,3,流失客户
214,268,3,1528.3000000000002,1,潜力客户
215,299,2,1949.3200000000002,1,潜力客户
216,274,5,2815.1600000000003,3,流失客户
217,452,4,2393.53,3,流失客户
218,442,1,638.66,0,高价值客户
219,192,5,2275.57,3,流失客户
220,364,2,752.71,0,高价值客户
221,58,5,2327.16,3,流失客户
222,217,3,1487.03,1,潜力客户
223,395,2,1052.64,1,潜力客户
224,217,5,2662.26,3,流失客户
225,100,2,1423.24,1,潜力客户
226,196,3,1318.4299999999998,1,潜力客户
227,271,6,2844.63,3,流失客户
228,102,4,1532.86,1,潜力客户
229,63,5,3109.89,3,流失客户
230,22,3,1561.1799999999998,2,普通客户
231,441,6,3249.21,3,流失客户
232,407,4,2041.5500000000002,3,流失客户
233,340,5,2262.84,3,流失客户
234,391,3,1831.02,1,潜力客户
235,84,3,1133.45,1,潜力客户
236,65,4,2001.8399999999997,2,普通客户
237,264,5,2762.3900000000003,3,流失客户
238,12,3,1329.3,2,普通客户
239,22,8,3906.54,2,普通客户
240,6,4,2069.0,2,普通客户
241,325,6,2897.11,3,流失客户
242,238,4,2557.1699999999996,3,流失客户
243,322,4,1797.51,3,流失客户
244,92,4,2693.89,3,流失客户
245,394,4,1841.83,3,流失客户
246,138,8,3854.2299999999996,3,流失客户
247,605,4,2116.94,3,流失客户
248,292,4,2139.19,3,流失客户
249,230,6,3667.6800000000003,3,流失客户
250,37,3,2038.2400000000002,2,普通客户
251,494,3,1923.83,1,潜力客户
253,437,4,1358.56,1,潜力客户
254,298,3,1693.63,1,潜力客户
255,203,5,2812.0600000000004,3,流失客户
256,42,1,606.35,0,高价值客户
257,29,5,1840.9899999999998,2,普通客户
258,158,2,1317.24,1,潜力客户
259,191,4,1521.6200000000001,1,潜力客户
260,84,2,996.9200000000001,1,潜力客户
261,52,2,1078.3500000000001,1,潜力客户
262,341,2,1456.13,1,潜力客户
263,13,4,2332.31,2,普通客户
264,112,5,2601.0299999999997,3,流失客户
265,127,4,2130.59,3,流失客户
266,311,3,1514.98,1,潜力客户
267,40,2,1299.1799999999998,2,普通客户
268,362,4,2037.94,3,流失客户
269,263,3,1907.6799999999998,1,潜力客户
270,88,2,888.28,1,潜力客户
271,144,5,2528.44,3,流失客户
272,390,4,2467.4900000000002,3,流失客户
273,106,5,2452.8199999999997,3,流失客户
274,264,1,421.44,0,高价值客户
275,371,4,1908.52,3,流失客户
276,142,2,1047.98,1,潜力客户
277,352,4,2178.82,3,流失客户
278,261,3,1441.44,1,潜力客户
279,411,5,2938.45,3,流失客户
280,230,5,3240.55,3,流失客户
281,319,8,3567.3499999999995,3,流失客户
282,431,4,1142.73,1,潜力客户
283,16,5,2169.1000000000004,2,普通客户
284,161,3,1453.27,1,潜力客户
285,211,5,2855.9199999999996,3,流失客户
286,629,1,387.46,0,高价值客户
287,22,2,799.84,2,普通客户
288,268,7,3403.84,3,流失客户
289,71,3,1160.23,1,潜力客户
290,92,6,2999.27,3,流失客户
291,89,4,1970.4700000000003,3,流失客户
292,1,3,2242.31,2,普通客户
293,114,3,1749.38,1,潜力客户
294,186,4,1853.9,3,流失客户
295,314,4,2263.16,3,流失客户
296,14,3,1742.0,2,普通客户
297,245,2,1182.43,1,潜力客户
298,472,6,3873.96,3,流失客户
299,200,4,1369.3400000000001,1,潜力客户
300,347,4,1578.22,1,潜力客户
301,49,5,2346.94,2,普通客户
302,77,3,1315.3600000000001,1,潜力客户
303,269,7,3336.9599999999996,3,流失客户
304,149,4,1359.6,1,潜力客户
305,26,2,1011.29,2,普通客户
306,195,2,1319.71,1,潜力客户
307,276,4,2233.37,3,流失客户
308,305,1,795.03,0,高价值客户
309,309,4,2490.35,3,流失客户
311,285,4,1739.91,3,流失客户
312,262,5,2357.7700000000004,3,流失客户
313,311,2,1028.97,1,潜力客户
314,267,4,1556.5,1,潜力客户
315,152,2,842.71,1,潜力客户
316,300,3,1165.79,1,潜力客户
317,76,6,2672.02,3,流失客户
318,231,8,3942.98,3,流失客户
319,126,5,1836.67,3,流失客户
320,95,2,674.66,0,高价值客户
321,466,1,550.39,0,高价值客户
322,266,4,2042.13,3,流失客户
323,194,6,3343.7,3,流失客户
324,286,6,2940.91,3,流失客户
325,109,3,953.28,1,潜力客户
326,386,5,2334.47,3,流失客户
327,220,4,1941.58,3,流失客户
328,340,6,1958.87,3,流失客户
329,214,4,1874.76,3,流失客户
330,493,2,833.68,1,潜力客户
331,256,4,1564.28,1,潜力客户
332,17,3,1539.05,2,普通客户
333,316,3,853.47,1,潜力客户
334,323,5,2989.84,3,流失客户
335,520,4,2468.88,3,流失客户
336,351,2,1158.42,1,潜力客户
337,67,5,2442.58,3,流失客户
338,227,4,1974.0699999999997,3,流失客户
339,97,7,4129.509999999999,3,流失客户
340,105,3,1438.55,1,潜力客户
341,324,2,1086.15,1,潜力客户
342,96,4,2217.01,3,流失客户
343,68,4,2334.43,3,流失客户
344,107,4,1760.26,3,流失客户
345,75,3,1538.41,1,潜力客户
346,203,4,1452.4099999999999,1,潜力客户
347,307,3,1845.42,1,潜力客户
348,189,2,1047.17,1,潜力客户
349,2,3,1572.1200000000001,2,普通客户
350,224,3,1245.26,1,潜力客户
351,103,6,2430.1,3,流失客户
352,508,1,531.59,0,高价值客户
353,46,5,2587.8500000000004,2,普通客户
354,327,3,1727.52,1,潜力客户
355,366,2,1116.76,1,潜力客户
356,12,8,3696.12,2,普通客户
357,182,3,1479.98,1,潜力客户
358,145,2,1091.1999999999998,1,潜力客户
359,39,4,2000.8000000000002,2,普通客户
360,211,2,1578.8000000000002,1,潜力客户
361,98,2,973.07,1,潜力客户
362,193,5,2706.6,3,流失客户
363,196,3,1365.59,1,潜力客户
364,161,2,848.72,1,潜力客户
365,471,3,1881.7599999999998,1,潜力客户
366,40,1,741.99,0,高价值客户
367,286,7,3580.5099999999998,3,流失客户
368,52,5,2178.24,2,普通客户
369,370,2,1050.8899999999999,1,潜力客户
370,91,3,1395.32,1,潜力客户
371,326,3,1401.71,1,潜力客户
372,248,5,1836.9499999999998,3,流失客户
373,7,4,2512.7900000000004,2,普通客户
374,361,2,768.49,0,高价值客户
375,338,5,2326.6299999999997,3,流失客户
376,366,1,529.06,0,高价值客户
377,102,2,1369.82,1,潜力客户
378,471,2,1339.47,1,潜力客户
379,145,4,2108.7400000000002,3,流失客户
380,231,3,1178.8,1,潜力客户
381,392,3,1353.62,1,潜力客户
382,51,6,2924.4999999999995,3,流失客户
383,55,5,2613.3,3,流失客户
384,197,3,883.6400000000001,1,潜力客户
385,307,5,2617.15,3,流失客户
386,328,6,3306.49,3,流失客户
387,183,1,706.29,0,高价值客户
388,329,5,2782.5499999999997,3,流失客户
389,10,4,1249.7,2,普通客户
390,282,2,742.19,0,高价值客户
391,198,6,3316.53,3,流失客户
392,37,3,1893.5700000000002,2,普通客户
393,126,7,3399.12,3,流失客户
394,378,2,924.4200000000001,1,潜力客户
395,346,4,2078.6,3,流失客户
396,309,6,2203.99,3,流失客户
397,545,2,655.78,0,高价值客户
398,219,6,2746.25,3,流失客户
399,290,4,1679.5,1,潜力客户
400,361,2,938.6500000000001,1,潜力客户
401,99,3,1212.04,1,潜力客户
402,32,2,855.18,2,普通客户
403,267,7,3471.45,3,流失客户
404,325,2,1219.64,1,潜力客户
405,161,5,2601.3,3,流失客户
406,224,6,3181.19,3,流失客户
407,411,3,1904.33,1,潜力客户
408,215,6,2521.63,3,流失客户
409,113,4,2476.2799999999997,3,流失客户
410,279,6,3221.79,3,流失客户
411,314,4,2035.3,3,流失客户
412,192,2,910.09,1,潜力客户
413,291,3,2015.37,1,潜力客户
414,164,4,2427.82,3,流失客户
415,360,6,3438.55,3,流失客户
416,218,4,1760.39,3,流失客户
418,65,2,1203.1100000000001,1,潜力客户
419,113,3,1646.12,1,潜力客户
420,141,4,1592.1799999999998,1,潜力客户
421,296,2,1020.72,1,潜力客户
422,111,3,1456.3500000000001,1,潜力客户
423,151,4,2181.22,3,流失客户
424,209,1,18.75,0,高价值客户
425,225,2,1014.99,1,潜力客户
426,221,4,1802.49,3,流失客户
427,76,2,1469.13,1,潜力客户
428,340,2,1124.61,1,潜力客户
429,145,5,2775.9399999999996,3,流失客户
430,60,3,1402.24,1,潜力客户
431,279,2,1575.28,1,潜力客户
432,144,3,1806.85,1,潜力客户
433,176,2,602.97,0,高价值客户
434,353,4,1868.86,3,流失客户
435,11,4,1994.95,2,普通客户
436,252,2,1117.92,1,潜力客户
437,289,6,2876.5699999999997,3,流失客户
438,280,4,2108.92,3,流失客户
439,383,2,1008.95,1,潜力客户
440,301,3,1394.13,1,潜力客户
441,200,1,682.17,0,高价值客户
442,62,3,1089.75,1,潜力客户
443,459,5,2879.94,3,流失客户
444,373,5,2783.21,3,流失客户
445,479,5,1918.1,3,流失客户
446,240,2,1451.74,1,潜力客户
447,223,4,1952.34,3,流失客户
448,168,3,1137.3600000000001,1,潜力客户
449,199,5,2503.3900000000003,3,流失客户
450,117,6,2597.18,3,流失客户
451,371,4,1893.0699999999997,3,流失客户
452,258,7,3489.47,3,流失客户
453,404,1,515.62,0,高价值客户
454,110,5,2724.74,3,流失客户
455,319,4,1893.7600000000002,3,流失客户
456,2,4,1545.5500000000002,2,普通客户
457,90,7,3205.23,3,流失客户
458,163,5,2705.2000000000003,3,流失客户
459,120,6,3267.2000000000003,3,流失客户
460,168,6,2774.0800000000004,3,流失客户
461,79,3,1549.5700000000002,1,潜力客户
462,359,3,2158.56,1,潜力客户
463,330,5,3144.97,3,流失客户
464,148,4,1709.82,1,潜力客户
465,156,2,1339.4499999999998,1,潜力客户
466,176,5,2908.1,3,流失客户
467,12,3,1974.1399999999999,2,普通客户
468,208,4,2114.44,3,流失客户
469,128,3,1184.63,1,潜力客户
470,336,4,2021.34,3,流失客户
471,74,7,4166.59,3,流失客户
472,260,3,1731.8700000000001,1,潜力客户
473,163,8,3520.15,3,流失客户
474,322,5,2769.14,3,流失客户
475,359,5,1787.12,3,流失客户
476,153,4,2158.33,3,流失客户
477,307,3,2098.66,1,潜力客户
478,46,5,2661.59,2,普通客户
479,407,3,1702.9099999999999,1,潜力客户
480,208,4,1849.55,3,流失客户
481,1,4,1098.98,2,普通客户
482,205,4,1915.1,3,流失客户
483,138,4,1887.6399999999999,3,流失客户
484,313,4,2278.57,3,流失客户
485,77,4,2049.92,3,流失客户
486,1,2,1367.87,2,普通客户
487,362,2,613.96,0,高价值客户
488,84,5,2339.9400000000005,3,流失客户
489,156,7,3896.49,3,流失客户
490,89,3,1327.27,1,潜力客户
491,159,4,2202.8599999999997,3,流失客户
492,97,4,2215.11,3,流失客户
493,136,4,2001.44,3,流失客户
494,36,4,2408.7999999999997,2,普通客户
495,311,3,1692.02,1,潜力客户
496,339,8,4078.44,3,流失客户
497,20,7,3523.16,2,普通客户
498,357,2,705.54,0,高价值客户
499,313,4,2005.38,3,流失客户
500,364,4,1030.21,1,潜力客户
501,455,2,754.54,0,高价值客户
502,297,4,2095.85,3,流失客户
504,360,6,3198.71,3,流失客户
505,37,3,1875.8500000000001,2,普通客户
506,153,3,1334.96,1,潜力客户
507,80,2,644.3199999999999,0,高价值客户
508,402,4,1451.52,1,潜力客户
509,351,2,1089.4,1,潜力客户
510,276,8,3749.19,3,流失客户
511,344,1,549.01,0,高价值客户
512,76,4,2111.69,3,流失客户
513,285,5,2139.1200000000003,3,流失客户
514,38,3,1629.6599999999999,2,普通客户
515,96,3,798.46,1,潜力客户
516,424,3,1285.75,1,潜力客户
517,256,4,2341.24,3,流失客户
518,403,4,2018.7199999999998,3,流失客户
519,85,1,149.71,0,高价值客户
520,109,3,1104.97,1,潜力客户
521,357,3,1716.4699999999998,1,潜力客户
522,283,1,687.22,0,高价值客户
524,235,2,1109.69,1,潜力客户
525,162,6,2572.77,3,流失客户
526,96,2,1213.54,1,潜力客户
527,105,2,1379.5500000000002,1,潜力客户
528,67,2,1663.74,1,潜力客户
529,241,3,1628.19,1,潜力客户
530,78,6,3134.5400000000004,3,流失客户
531,233,7,4010.17,3,流失客户
532,250,1,700.31,0,高价值客户
533,64,2,698.4300000000001,0,高价值客户
534,28,4,2036.81,2,普通客户
535,99,2,308.96999999999997,0,高价值客户
536,119,4,2634.94,3,流失客户
537,254,4,1936.8599999999997,3,流失客户
538,8,4,2517.77,2,普通客户
539,354,6,2855.09,3,流失客户
540,197,1,646.67,0,高价值客户
541,33,3,1325.25,2,普通客户
542,316,2,525.05,0,高价值客户
543,143,3,1622.65,1,潜力客户
544,204,2,969.3,1,潜力客户
545,268,4,1488.2000000000003,1,潜力客户
546,128,4,1228.9,1,潜力客户
547,262,3,1878.22,1,潜力客户
548,139,3,1840.18,1,潜力客户
549,249,3,916.3000000000001,1,潜力客户
550,343,4,1910.8600000000001,3,流失客户
551,340,3,1457.65,1,潜力客户
552,222,3,1997.34,1,潜力客户
553,92,4,1948.5300000000002,3,流失客户
554,185,5,2625.81,3,流失客户
555,103,3,1226.15,1,潜力客户
556,172,3,2037.7400000000002,1,潜力客户
557,137,7,3204.41,3,流失客户
558,74,5,2198.13,3,流失客户
559,335,4,2537.2200000000003,3,流失客户
560,347,3,1108.98,1,潜力客户
561,482,4,1768.7900000000002,3,流失客户
562,153,6,2559.0,3,流失客户
563,72,4,2391.54,3,流失客户
564,305,5,3162.63,3,流失客户
565,258,5,2706.41,3,流失客户
566,408,2,1649.12,1,潜力客户
567,265,1,313.02,0,高价值客户
568,303,5,3188.8,3,流失客户
569,176,4,2926.42,3,流失客户
570,222,5,3142.55,3,流失客户
571,325,3,2003.4,1,潜力客户
572,316,4,2036.7300000000002,3,流失客户
573,14,5,2577.4599999999996,2,普通客户
574,293,8,3712.7200000000003,3,流失客户
575,5,4,2083.19,2,普通客户
576,64,5,3155.56,3,流失客户
577,235,5,2358.2299999999996,3,流失客户
578,141,3,965.9499999999999,1,潜力客户
579,94,6,2402.8900000000003,3,流失客户
580,271,4,2016.7,3,流失客户
581,345,5,1912.64,3,流失客户
582,138,6,2606.56,3,流失客户
583,428,2,1129.01,1,潜力客户
584,369,5,2308.92,3,流失客户
585,205,4,2279.53,3,流失客户
586,37,4,1343.71,2,普通客户
587,161,2,1541.25,1,潜力客户
588,440,6,2468.37,3,流失客户
589,176,4,2135.87,3,流失客户
590,119,5,3105.9399999999996,3,流失客户
591,294,6,2681.88,3,流失客户
592,436,3,1667.4,1,潜力客户
593,201,2,1331.57,1,潜力客户
594,76,8,3217.96,3,流失客户
595,90,5,2574.92,3,流失客户
597,318,2,951.2,1,潜力客户
598,274,2,787.71,0,高价值客户
599,23,4,2160.33,2,普通客户
600,128,4,2958.92,3,流失客户
601,301,3,2038.36,1,潜力客户
602,472,2,1103.04,1,潜力客户
603,183,3,1194.03,1,潜力客户
604,385,4,1740.7800000000002,3,流失客户
605,401,5,1909.4799999999998,3,流失客户
606,38,6,3103.44,2,普通客户
607,78,4,1286.24,1,潜力客户
608,172,1,575.0,0,高价值客户
609,264,4,2291.31,3,流失客户
610,140,5,1975.4199999999998,3,流失客户
611,56,3,1240.37,1,潜力客户
612,252,3,2139.45,1,潜力客户
613,40,2,1140.93,1,潜力客户
614,256,4,2084.48,3,流失客户
615,385,4,2382.69,3,流失客户
616,25,2,1260.95,2,普通客户
617,143,2,381.22,0,高价值客户
618,416,3,1864.2600000000002,1,潜力客户
619,384,2,779.42,0,高价值客户
620,121,7,2657.75,3,流失客户
621,339,2,1283.65,1,潜力客户
622,239,2,1362.4299999999998,1,潜力客户
623,359,4,1567.0600000000002,1,潜力客户
624,357,2,1074.19,1,潜力客户
625,591,2,826.08,1,潜力客户
626,34,1,766.03,0,高价值客户
627,71,2,1416.41,1,潜力客户
628,310,5,3436.8599999999997,3,流失客户
629,228,2,1405.27,1,潜力客户
630,291,3,1633.88,1,潜力客户
631,353,4,2350.14,3,流失客户
632,473,3,1333.24,1,潜力客户
634,420,4,2323.83,3,流失客户
635,94,6,3600.98,3,流失客户
636,168,2,1121.3700000000001,1,潜力客户
637,275,6,3297.36,3,流失客户
638,181,2,641.9200000000001,0,高价值客户
639,379,4,1492.81,1,潜力客户
640,86,6,2480.66,3,流失客户
641,351,3,1016.8100000000001,1,潜力客户
642,126,2,1223.9099999999999,1,潜力客户
643,489,2,1221.1799999999998,1,潜力客户
644,261,4,2060.07,3,流失客户
645,361,4,2083.94,3,流失客户
646,181,7,3453.99,3,流失客户
647,157,5,2789.92,3,流失客户
648,239,6,2831.7899999999995,3,流失客户
649,379,4,2340.38,3,流失客户
650,37,5,2602.5700000000006,2,普通客户
651,203,3,2575.52,1,潜力客户
652,382,4,1813.34,3,流失客户
653,288,3,1185.4,1,潜力客户
654,46,4,3055.19,2,普通客户
655,224,2,1308.98,1,潜力客户
656,332,1,268.47,0,高价值客户
657,124,2,1160.33,1,潜力客户
658,388,6,2617.38,3,流失客户
659,508,4,2455.52,3,流失客户
660,10,6,2880.7,2,普通客户
661,375,7,3766.6900000000005,3,流失客户
662,576,3,1447.5800000000002,1,潜力客户
663,329,5,2775.41,3,流失客户
664,265,6,2494.7999999999997,3,流失客户
665,356,5,2173.73,3,流失客户
666,30,1,729.81,0,高价值客户
667,160,4,1907.9900000000002,3,流失客户
668,281,6,2595.1499999999996,3,流失客户
669,342,4,2520.18,3,流失客户
670,310,2,688.0,0,高价值客户
671,178,4,2099.22,3,流失客户
672,149,7,4156.93,3,流失客户
673,309,7,4076.850000000001,3,流失客户
674,107,5,3203.22,3,流失客户
675,476,1,823.41,0,高价值客户
676,198,8,3977.56,3,流失客户
677,307,1,304.05,0,高价值客户
678,143,8,4323.879999999999,3,流失客户
679,69,5,2799.9600000000005,3,流失客户
680,18,3,1626.58,2,普通客户
681,92,2,944.1700000000001,1,潜力客户
682,91,4,1932.28,3,流失客户
683,277,4,1790.75,3,流失客户
684,241,1,473.36,0,高价值客户
685,461,4,2478.43,3,流失客户
686,418,3,979.71,1,潜力客户
687,344,4,2051.31,3,流失客户
688,376,5,1935.31,3,流失客户
689,335,2,1039.93,1,潜力客户
690,208,3,2156.51,1,潜力客户
691,205,4,1653.11,1,潜力客户
692,213,7,3931.6800000000003,3,流失客户
693,327,5,2400.47,3,流失客户
694,290,3,1025.84,1,潜力客户
695,8,3,1923.1599999999999,2,普通客户
696,266,7,3809.54,3,流失客户
697,456,2,1258.46,1,潜力客户
698,258,3,1587.26,1,潜力客户
699,424,5,3318.44,3,流失客户
700,20,4,1944.71,2,普通客户
701,100,4,2013.63,3,流失客户
702,46,7,3501.09,3,流失客户
703,148,3,1314.1,1,潜力客户
704,401,4,2366.08,3,流失客户
705,313,5,2324.2999999999997,3,流失客户
706,36,3,2315.21,2,普通客户
707,114,1,423.76,0,高价值客户
708,104,3,1196.46,1,潜力客户
709,328,4,2263.0600000000004,3,流失客户
710,328,3,1803.8899999999999,1,潜力客户
711,50,2,793.8299999999999,0,高价值客户
712,55,6,2368.6099999999997,3,流失客户
713,15,3,1996.54,2,普通客户
714,134,4,1983.7899999999997,3,流失客户
715,193,4,2245.2799999999997,3,流失客户
716,540,1,532.57,0,高价值客户
717,218,5,3371.11,3,流失客户
718,255,4,2165.29,3,流失客户
719,333,3,1346.56,1,潜力客户
720,16,4,2237.86,2,普通客户
721,159,5,2992.8099999999995,3,流失客户
722,278,7,4046.37,3,流失客户
723,429,4,2085.7,3,流失客户
724,324,6,2982.09,3,流失客户
725,198,3,1568.2600000000002,1,潜力客户
726,24,4,1707.9499999999998,2,普通客户
727,254,7,3748.4000000000005,3,流失客户
729,121,4,2155.62,3,流失客户
730,333,6,3580.7500000000005,3,流失客户
731,181,4,2509.35,3,流失客户
732,118,2,469.15,0,高价值客户
733,480,2,1268.8899999999999,1,潜力客户
734,180,1,382.02,0,高价值客户
735,159,5,2938.59,3,流失客户
736,363,3,1797.6800000000003,1,潜力客户
737,187,4,2317.79,3,流失客户
738,129,6,2568.55,3,流失客户
739,112,5,2646.54,3,流失客户
740,112,1,612.95,0,高价值客户
741,539,1,712.35,0,高价值客户
742,8,4,1975.83,2,普通客户
743,292,7,3792.7599999999998,3,流失客户
744,28,3,1086.8600000000001,2,普通客户
745,595,5,2895.34,3,流失客户
746,295,6,2912.81,3,流失客户
747,211,4,2094.58,3,流失客户
748,413,3,1810.35,1,潜力客户
749,219,3,1659.86,1,潜力客户
750,92,6,3874.6400000000003,3,流失客户
751,248,3,1045.88,1,潜力客户
752,60,3,1652.21,1,潜力客户
753,406,3,1266.6699999999998,1,潜力客户
754,300,2,1161.8700000000001,1,潜力客户
755,198,4,1559.73,1,潜力客户
756,266,1,544.99,0,高价值客户
757,1,7,3040.23,2,普通客户
758,418,2,1082.49,1,潜力客户
759,147,3,1944.14,1,潜力客户
760,275,6,3248.76,3,流失客户
761,197,5,1957.68,3,流失客户
762,437,3,1002.71,1,潜力客户
763,6,4,1950.3899999999999,2,普通客户
764,95,4,1784.32,3,流失客户
765,20,1,572.93,0,高价值客户
766,229,4,2225.52,3,流失客户
767,246,2,1191.92,1,潜力客户
768,456,3,1247.21,1,潜力客户
769,348,2,1144.26,1,潜力客户
770,252,3,1670.68,1,潜力客户
771,284,4,2377.34,3,流失客户
772,14,3,2263.59,2,普通客户
773,390,3,1888.23,1,潜力客户
774,485,1,282.13,0,高价值客户
775,99,6,3170.2200000000003,3,流失客户
776,228,5,2681.8,3,流失客户
777,458,2,1360.5700000000002,1,潜力客户
778,329,6,2797.71,3,流失客户
779,46,4,2400.77,2,普通客户
780,242,4,2663.9700000000003,3,流失客户
781,392,4,2719.8999999999996,3,流失客户
782,157,3,1595.78,1,潜力客户
783,59,6,3210.0699999999997,3,流失客户
785,212,1,303.81,0,高价值客户
786,247,4,1881.8600000000001,3,流失客户
787,348,5,2772.74,3,流失客户
788,350,4,1539.5800000000002,1,潜力客户
789,166,4,2361.37,3,流失客户
790,391,2,1299.2,1,潜力客户
791,334,3,1844.13,1,潜力客户
792,270,3,2318.78,1,潜力客户
793,69,4,1291.5,1,潜力客户
794,292,4,1973.3799999999999,3,流失客户
795,54,4,2059.53,2,普通客户
796,121,3,1136.6,1,潜力客户
797,255,3,1381.18,1,潜力客户
798,109,4,1796.9399999999998,3,流失客户
799,333,5,2206.2200000000003,3,流失客户
800,111,3,1556.48,1,潜力客户
801,136,6,2878.9300000000003,3,流失客户
802,180,3,1209.0,1,潜力客户
803,90,3,1486.1299999999999,1,潜力客户
804,405,5,2595.0299999999997,3,流失客户
805,279,4,1249.83,1,潜力客户
806,121,2,1618.48,1,潜力客户
807,497,2,1305.84,1,潜力客户
808,176,3,1221.4,1,潜力客户
809,566,3,1374.4499999999998,1,潜力客户
810,44,5,2096.5699999999997,2,普通客户
811,143,7,3449.34,3,流失客户
812,320,6,3328.52,3,流失客户
813,25,3,1802.0900000000001,2,普通客户
814,447,5,2297.3999999999996,3,流失客户
815,168,3,1182.56,1,潜力客户
816,430,4,1966.6399999999999,3,流失客户
817,260,1,465.64,0,高价值客户
818,351,4,1860.3199999999997,3,流失客户
819,329,4,1647.2799999999997,1,潜力客户
820,187,5,3331.4500000000003,3,流失客户
821,46,4,1777.6100000000001,2,普通客户
822,236,4,1964.83,3,流失客户
823,18,5,3153.04,2,普通客户
824,358,5,2751.8999999999996,3,流失客户
825,81,5,1877.5300000000002,3,流失客户
826,4,4,1976.81,2,普通客户
827,217,3,2031.23,1,潜力客户
828,122,4,2038.9500000000003,3,流失客户
829,495,3,1419.77,1,潜力客户
830,204,3,1999.21,1,潜力客户
832,133,3,1602.5600000000002,1,潜力客户
834,194,2,878.27,1,潜力客户
835,143,3,1174.8200000000002,1,潜力客户
836,234,2,1172.22,1,潜力客户
837,234,3,1585.55,1,潜力客户
838,23,3,1476.12,2,普通客户
839,156,4,2653.05,3,流失客户
840,120,3,1428.29,1,潜力客户
841,280,5,2140.1000000000004,3,流失客户
842,219,2,977.76,1,潜力客户
843,250,5,2965.5099999999998,3,流失客户
844,371,3,2096.68,1,潜力客户
845,163,4,2076.17,3,流失客户
846,212,2,1285.02,1,潜力客户
847,315,1,750.95,0,高价值客户
848,140,4,3211.69,3,流失客户
849,182,3,1036.25,1,潜力客户
850,306,2,1837.29,1,潜力客户
851,217,8,3273.6700000000005,3,流失客户
852,458,2,1172.98,1,潜力客户
853,428,6,2508.02,3,流失客户
854,242,3,1607.74,1,潜力客户
855,320,2,932.38,1,潜力客户
856,304,5,2625.5499999999997,3,流失客户
857,147,1,693.58,0,高价值客户
859,92,2,1077.3600000000001,1,潜力客户
860,189,6,3934.8599999999997,3,流失客户
861,543,3,988.72,1,潜力客户
862,442,1,262.95,0,高价值客户
863,1,6,2148.39,2,普通客户
864,289,1,180.25,0,高价值客户
865,158,4,2234.9500000000003,3,流失客户
866,52,3,1079.3600000000001,1,潜力客户
867,127,1,536.52,0,高价值客户
868,174,3,1211.54,1,潜力客户
869,259,5,2204.23,3,流失客户
870,12,5,2817.02,2,普通客户
871,84,3,1314.9099999999999,1,潜力客户
872,283,2,1142.5500000000002,1,潜力客户
873,97,4,2187.0699999999997,3,流失客户
874,241,3,1800.99,1,潜力客户
875,428,4,1070.71,1,潜力客户
876,32,2,907.9200000000001,2,普通客户
877,156,3,1196.29,1,潜力客户
878,216,4,2002.0,3,流失客户
879,298,4,1239.64,1,潜力客户
880,241,6,3081.69,3,流失客户
881,54,1,231.36,0,高价值客户
882,410,1,689.42,0,高价值客户
883,230,3,275.25,0,高价值客户
884,328,2,1070.53,1,潜力客户
885,433,4,2243.31,3,流失客户
886,347,5,1867.7399999999998,3,流失客户
887,266,3,1377.7199999999998,1,潜力客户
888,138,4,1358.69,1,潜力客户
889,267,6,2553.2899999999995,3,流失客户
890,270,4,2493.67,3,流失客户
891,205,3,1703.4299999999998,1,潜力客户
894,214,3,1531.26,1,潜力客户
895,146,6,3934.9299999999994,3,流失客户
896,207,4,2286.24,3,流失客户
897,264,4,1993.57,3,流失客户
898,96,3,1918.98,1,潜力客户
899,13,4,1565.9199999999998,2,普通客户
900,33,6,3075.67,2,普通客户
901,245,6,2595.04,3,流失客户
902,155,6,2697.1099999999997,3,流失客户
903,318,5,1886.32,3,流失客户
904,114,4,1388.71,1,潜力客户
905,349,3,1454.82,1,潜力客户
906,407,3,1507.66,1,潜力客户
907,327,7,3822.0400000000004,3,流失客户
908,88,5,2132.9900000000002,3,流失客户
909,224,1,677.59,0,高价值客户
910,408,5,2448.68,3,流失客户
911,607,2,1012.62,1,潜力客户
912,488,3,1795.6599999999999,1,潜力客户
913,240,3,1463.35,1,潜力客户
914,288,3,1898.4299999999998,1,潜力客户
915,378,2,1414.07,1,潜力客户
916,249,5,3347.14,3,流失客户
918,205,8,3633.83,3,流失客户
919,325,5,3045.9900000000002,3,流失客户
920,402,4,1291.96,1,潜力客户
921,324,2,1099.74,1,潜力客户
922,188,4,1492.45,1,潜力客户
923,304,3,1189.6,1,潜力客户
924,339,3,1007.8000000000001,1,潜力客户
925,256,3,1415.3600000000001,1,潜力客户
926,654,3,1686.6799999999998,1,潜力客户
927,8,5,2025.2,2,普通客户
928,131,6,2366.73,3,流失客户
929,325,4,1946.11,3,流失客户
930,21,5,2450.14,2,普通客户
931,217,3,1106.35,1,潜力客户
932,315,4,1952.8400000000001,3,流失客户
933,290,3,1532.3200000000002,1,潜力客户
934,251,2,927.25,1,潜力客户
935,66,3,2096.66,1,潜力客户
936,121,2,898.37,1,潜力客户
937,324,5,2673.84,3,流失客户
938,313,5,2345.3100000000004,3,流失客户
939,359,4,1936.26,3,流失客户
940,76,7,3278.3300000000004,3,流失客户
941,518,4,2391.26,3,流失客户
942,238,5,1986.76,3,流失客户
943,517,3,1863.76,1,潜力客户
944,266,3,2438.62,1,潜力客户
945,331,2,1299.69,1,潜力客户
946,198,2,448.2,0,高价值客户
947,125,7,4045.1899999999996,3,流失客户
948,289,3,1720.51,1,潜力客户
949,10,4,1719.27,2,普通客户
950,227,5,2518.58,3,流失客户
951,138,3,1246.89,1,潜力客户
952,193,4,2089.22,3,流失客户
953,244,1,411.77,0,高价值客户
954,43,4,1768.95,2,普通客户
955,253,7,3831.23,3,流失客户
956,100,3,1535.68,1,潜力客户
957,148,4,1951.9399999999998,3,流失客户
958,375,4,1278.7399999999998,1,潜力客户
959,355,2,764.57,0,高价值客户
960,523,3,2100.13,1,潜力客户
961,284,7,3930.59,3,流失客户
962,312,7,3628.3599999999997,3,流失客户
963,111,6,2460.82,3,流失客户
964,163,7,3631.88,3,流失客户
965,39,4,2103.57,2,普通客户
966,110,3,1520.49,1,潜力客户
967,1,2,1098.3899999999999,2,普通客户
968,369,3,1973.56,1,潜力客户
969,105,4,2088.6800000000003,3,流失客户
970,500,5,1965.0099999999998,3,流失客户
971,601,4,1784.96,3,流失客户
972,234,3,963.19,1,潜力客户
973,361,5,1863.7900000000002,3,流失客户
974,301,5,2492.96,3,流失客户
975,97,3,1632.4099999999999,1,潜力客户
976,211,2,1345.07,1,潜力客户
977,371,4,1837.85,3,流失客户
978,67,2,778.25,0,高价值客户
979,346,8,3816.7,3,流失客户
980,2,6,2423.16,2,普通客户
981,317,3,1860.08,1,潜力客户
982,144,4,1976.17,3,流失客户
983,374,2,1333.02,1,潜力客户
984,369,3,1304.77,1,潜力客户
985,146,2,798.63,0,高价值客户
986,423,4,1429.8000000000002,1,潜力客户
987,220,6,2830.39,3,流失客户
988,29,1,634.38,0,高价值客户
989,274,3,1305.73,1,潜力客户
990,109,2,295.0,0,高价值客户
991,151,2,856.73,1,潜力客户
992,134,4,2597.15,3,流失客户
993,16,5,2510.54,2,普通客户
994,434,4,2526.2400000000002,3,流失客户
995,363,4,934.9499999999998,1,潜力客户
996,399,6,3483.71,3,流失客户
997,442,3,1629.33,1,潜力客户
998,1,4,1866.0300000000002,2,普通客户
999,248,6,2216.76,3,流失客户
1000,248,7,2990.1,3,流失客户
